[
  {
    "name": "Ad ad non qui exercitation anim proident.",
    "status": "Approved",
    "date": "24.Jan.2021",
    "progress": 30,
    "like": 13,
    "reaction": 32,
    "quantity": 0.00
  },
  {
    "name": "Minim esse labore sit dolor culpa ad dolor ad ad.",
    "status": "Disable",
    "date": "30.Dec.2021",
    "progress": 30 ,"like": 43,
    "reaction": 12,
    "quantity": 0.12
  },
  {
    "name": "Magna exercitation mollit officia sunt adipisicing quis proident voluptate dolor et qui.",
    "status": "Error",
    "date": "20.May.2021",
    "progress": 30, "like": 63,
    "reaction": 52,
    "quantity": 0.02
  },
  {
    "name": "Sit consequat mollit aliqua aliquip do elit amet officia incididunt non nulla voluptate ad.",
    "status": "Approved",
    "date": "12.Jul.2021",
    "progress": 30,
    "like": 43,
    "reaction": 92,
    "quantity": 0.04
  }
]
